Model,ROC-AUC
Random Forest,0.8149834437086093
SVM,0.7970198675496689
XGBoost,0.779635761589404
Decision Tree,0.7017384105960265
LSTM,0.7785596026490067
DNN,0.7916390728476822
